{
  "cycle_count": 2,
  "error_count": 0,
  "last_evolution_time": 1773688607.3971002,
  "last_save": 1773695233.2996204,
  "running": true
}